<?xml version="1.0" encoding="UTF-8"?>
    <addon id="repository.nobrain" name="Official NoBrainsRepo" version="0.1.1" provider-name="Bas">
        <requires>
            <import addon="xbmc.addon" version="12.0.0"/>
        </requires>
        <extension point="xbmc.addon.repository" name="Official NoBrainsRepo">
            <info compressed="false">https://raw.githubusercontent.com/basziee/NoBrainsRepo/master/addons.xml</info>
            <checksum>https://raw.githubusercontent.com/basziee/NoBrainsRepo/master/addons.xml.md5</checksum>
            <datadir zip="true">https://raw.githubusercontent.com/basziee/NoBrainsRepo/master/</datadir>
            <hashes>false</hashes>
        </extension>
        <extension point="xbmc.addon.metadata">
            <summary>The official NoBrains repo.</summary>
            <description>The official NoBrains Repo. [CR]A great new start</description>
            <platform>all</platform>
    </extension>
</addon>